Posted: 2/26/2018,Posted: 2/26/2018
Posted: 2/23/2018,Posted: 2/23/2018
Posted: 2/22/2018,Posted: 2/22/2018
Posted: 2/21/2018,Posted: 2/21/2018
Posted: 2/16/2018,Posted: 2/16/2018
Posted: 2/15/2018,Posted: 2/15/2018
Posted: 2/12/2018,Posted: 2/12/2018
"Posted: 2/12/2018 
		*","Posted: 2/12/2018 
		*"
Posted: 2/6/2018,Posted: 2/6/2018
Posted: 1/31/2018,Posted: 1/31/2018
Posted: 1/25/2018,Posted: 1/25/2018
Posted: 1/22/2018,Posted: 1/22/2018
Posted: 1/10/2018,Posted: 1/10/2018
Posted: 1/8/2018,Posted: 1/8/2018
Posted: 1/7/2018,Posted: 1/7/2018
Posted: 1/2/2018,Posted: 1/2/2018
Posted: 12/13/2017,Posted: 12/13/2017
Posted: 11/30/2017,Posted: 11/30/2017
Posted: 9/28/2017,Posted: 9/28/2017
Posted: 7/19/2017,Posted: 7/19/2017
"Posted: 6/28/2017 
		*","Posted: 6/28/2017 
		*"
"Posted: 6/20/2017 
		*","Posted: 6/20/2017 
		*"
Posted: 5/30/2017,Posted: 5/30/2017
